{"cameraMode":{"drawMode":0,"name":"Shaded","section":"Shading Mode"},"sceneLighting":true,"audioPlay":false,"sceneViewState":{"showFog":false,"showMaterialUpdate":true,"showSkybox":true,"showFlares":true,"showImageEffects":true,"showParticleSystems":true},"in2DMode":false,"pivot":{"x":-571.1674194335938,"y":-294.6701965332031,"z":-785.2951049804688},"rotation":{"x":0.04483591765165329,"y":-0.9380103945732117,"z":0.13257640600204469,"w":0.317180871963501},"size":1321.5426025390625,"orthographic":false}